Item Code,Description,Buying Price,Selling Price,Buy Unit,Selling Unit
AERA2,GESTID TABLETS,137,20,SINGLE,SINGLE
AERA3,ALLERGIN SYRUP ,65,200,SINGLE,SINGLE
AERC1,DIHYDROARTEMISININ SYRUP,0,750,SINGLE,SINGLE
AERC2,LOXAPRIM SYRUP,0,450,SINGLE,SINGLE
AERC3,ZINNAT SUSP,1230,2500,SINGLE,SINGLE
AERE1,OBRON 6 BLOOD CAPS,800,60,SINGLE,SINGLE
AERE2,ESIFLO 250MCG INHALER,0,4000,EACH,EACH
AERF1,FLIXONASE INHALER 125MCG,1025,2000,SINGLE,SINGLE
AERH1,MEFENAMIC ACID CAPS,0,100,SINGLE,SINGLE
AERL2,TEGRETOL 400MG CR TAB,0,120,SINGLE,SINGLE
AERM1,MOSEGOR TAB,0,80,SINGLE,SINGLE
AERM2,MAGSIL SUSPENSION,180,300,SINGLE,SINGLE
AERS1,VENTOLIN  INHALER 100MCG / DOSE,540,1200,SINGLE,SINGLE
AERS2,VENTOLIN NEBULES 2.5MG,0,2000,SINGLE,SINGLE
AERV18,VENTOLIN NEBULES 5MG,0,2000,EACH,EACH
ANTISP1,BETADINE ANTISEPTIC SOLUTION,0,1300,SINGLE,SINGLE
ANTISP2,LISTERINE MOUTHWASH ,0,800,SINGLE,SINGLE
ANTISP3,BETADINE SURGICAL SCRUB ,0,1300,EACH,EACH
ANTIST1,TCP ANTISEPTIC,1000,1000,BOX,BOX
CBC1,CARRIER BAGS (LARGE),0,0,EACH,EACH
CBC2,CARRIER BAGS (SMALL),0,0,EACH,EACH
CBC6,CARRIAGE COST,5000,5000,,
D1,DALACIN T LOTION,0,5400,EACH,EACH
DMC2,CERVICAL/NECK COLLAR SOFT,0,5000,EACH,EACH
DMG1,GAUZE STRIPS,0,0,EACH,EACH
DMG2,GAUZE BANDAGE 6'',0,200,EACH,EACH
DMG3,GAUZE BANDAGE 4'',0,200,EACH,EACH
DMK1,KNEE SUPPORT,0,9000,SINGLE,SINGLE
DMN1,CERVICAL/NECK COLLAR HARD,0,5000,EACH,SINGLE
DMS1,SKIN PREP. /  DRESSING,0,0,EACH,EACH
DMV1,SOFRATULLE,0,750,EACH,EACH
DMW1,WOUND DRESSING,0,500,EACH,EACH
DOM1,MORICET SOLUTION,0,0,EACH,EACH
DOM3,MORICET PLUS,0,0,EACH,EACH
DOP1,PURIT ANTISEPTIC,0,0,EACH,EACH
DPD2,DISPENSARY BOTTLES 200ML,0,200,EACH,EACH
DRA1,ABIDEC DROPS,0,2000,EACH,EACH
DRA3,AMPICLOX DROPS(BEECHAM),0,2000,SINGLE,SINGLE
DRB1,BONJELA GEL,0,850,EACH,EACH
DRC2,CIPROFLOXACIN EYE DROPS,0,1500,EACH,EACH
DRC3,CANDID MOUTH PAINT,0,0,EACH,EACH
DRE1,SILVERBIRD OIL,0,850,UNITC,UNITC
DRM1,MULTIVITE DROPS,0,300,UNITC,UNITC
DRN1,NOWW-NOWW OINTMENT,0,650,EACH,EACH
DRS4,SPERSALLERG EYE DROP,0,1500,SINGLE,EACH
DRS5,SPERSADEX COMPOUND,0,1500,EACH,EACH
DRS7,SPERSADOXALINE EYE DROP,0,1500,EACH,EACH
DRV3,VITAMIN B COMPLEX INJ,0,800,EACH,EACH
F1,FELDENE INJ 20MG,0,150,EACH,EACH
G1,GENTAMYCIN EYE/EAR DROPS,0,500,EACH,EACH
GL C1,CELLFOOD BASIC,0,6500,EACH,EACH
GL C2,CELLFOOD REPAIR,0,6500,EACH,EACH
GL C3,CELLFOOD LONGEVITY,0,6500,EACH,EACH
GL C4,CELLFOOD SPORT,0,6500,EACH,EACH
GL C5,CELLFOOD SHAPE,0,6500,EACH,EACH
GL C6,CELLFOOD SKINCARE,0,3000,EACH,EACH
GL C7,CELLFOOD OXYGEN,0,6500,EACH,EACH
GL D1,DYNAMOGEN ,0,0,PACKET,PACKET
GL E1,ESIFLO 125MG TRANSHALER,0,7500,EACH,EACH
GL K1,KETOCONAZOLE CREAM,0,1000,EACH,EACH
GL R1,RELCER GEL,0,850,UNITC,UNITC
GL S1,SALBAIR-1 TRANSHALER,0,1500,EACH,EACH
GL V1,VANCOMYCIN INJ,0,1500,EACH,EACH
GRAA1,ADVANTIAN OINTMENT,0,2800,SINGLE,SINGLE
GRAA2,AMPICLOX INJ,0,500,SINGLE,SINGLE
GRAB1,BETAMETHASONE N CREAM,0,1000,SINGLE,SINGLE
GRAB2,BENGAY CREAM,0,1000,SINGLE,SINGLE
GRAB3,BERTROSIL/TROSYD CREAM (TIOCONAZOLE),100,1500,SINGLE,SINGLE
GRAB4,BIVACYN SPRAY,0,1800,EACH,EACH
GRAB5,BENZYLPENICILLIN INJ,0,500,SINGLE,SINGLE
GRAI1,FYBOGEL /ISPAGULA HUSKS ,0,500,EACH,EACH
GRAL1,TERBINAFINE CREAM,0,3500,EACH,EACH
GRAM2,MYCOTEN VAGINAL CREAM,0,900,SINGLE,SINGLE
GRAN1,NEUROGESIC GEL 35G,280,700,SINGLE,SINGLE
GRAU1,URAH CREAM,0,2000,SINGLE,SINGLE
GRAW1,WHITFIELD,S OINTMENT,0,700,SINGLE,SINGLE
IA1,AMINOPHYLLINE INJ 250MG,0,500,SINGLE,SINGLE
IA10,RHOGAM INJ,0,17000,EACH,EACH
IA12,ARTEMETHER 80MG/ML INJECTION,0,500,BOX,BOX
IA13,ARTEMETHER 40MG INJ,0,200,BOX,BOX
IA14,ARTEMETHER 20MG/ML INJ,0,0,BOX,BOX
IA15,AUGMENTIN 600MG INJ ,0,800,BOX,BOX
IA16,AMOXICILLIN+CLAVULANIC ACID 1.2G INJECTION,0,1500,BOX,BOX
IA26,APRESOLINE INJ,0,500,EACH,EACH
IA3,ANTISNAKE VACCINE,0,26000,EACH,EACH
IA4,ANTI-RABIES VACCINE,0,13000,EACH,EACH
IA48,AMOKSICLAV 1.2MG INJ,2650,1500,EACH,EACH
IA49,AMOKSICLAV 600MG INJ,1820,800,PACKET,PACKET
IA52,ASPEGIC INJ,0,850,EACH,EACH
IA58,AMOXICILLIN INJ,0,200,BOX,BOX
IA60,AMOXICILLIN+CLAVULANIC ACID 600MG  INJ,0,800,PACKET,PACKET
IA7,ATROPINE SULPHATE INJ 1MG/ML,0,350,SINGLE,SINGLE
IAI1,IUCD ,0,10000,EACH,EACH
IB1,BUSCOPAN INJ,0,150,SINGLE,SINGLE
IB5,BCG VACCINE,0,550,EACH,EACH
IC1,LARGACTIL INJ 25MG 5ML,0,500,EACH,EACH
IC18,CHORAGON 5000 IU (HCG),6000,9000,EACH,EACH
IC19,CEFTRIAXONE INJ,0,1500,UNITC,UNITC
IC2,CALCIUM GLUCONATE INJ 10%,0,500,EACH,EACH
IC20,CEFUROXIME 750MG INJ,420,1500,UNITC,UNITC
IC21,CIMETIDINE 200MG INJ,0,600,BOX,BOX
IC22,CEFTAZIDIME 1G INJ,0,1500,EACH,EACH
IC40,CHICKENPOX VACCINE,4280,6800,EACH,EACH
IC41,CSM VACCINE(MULTIPLE DOSE),0,2300,EACH,EACH
IC44,CSM VACCINE(SINGLE DOSE),2100,3400,EACH,EACH
IC45,COMBINED DPT&HEPATITIS B VACCINE,1078,2000,EACH,EACH
IC5,CHLOROQUINE INJ 200MG,0,300,SINGLE,SINGLE
IC51,CERVARIX VACCINE,7904,16000,EACH,EACH
IC54,CIRCUMCISION PROCEDURE,0,5000,EACH,EACH
IC55,CLEXANE INJ,0,3500,BOX,BOX
IC56,CLAVICIN 1.2G INJ,0,1500,EACH,EACH
IC6,CHYMORAL INJ,0,900,EACH,EACH
IC67,COMBINED HIB/DPT/HEPATITIS B,1078,6000,EACH,EACH
ID1,DEXAMETHASONE INJ 4MG/ML,0,300,SINGLE,SINGLE
ID11,DIAZEPAM INJECTION,0,350,BOX,BOX
ID22,DPT VACCINE,0,1400,EACH,EACH
ID4,DICLOFENAC INJ 75MG,30,300,SINGLE,SINGLE
IE1,ERGOMETRINE INJ .5,0,600,EACH,EACH
IE3,EPHEDRINE HCL 50MG INJ,0,500,EACH,EACH
IE5,ENGERIX B( ADULT),0,2500,EACH,EACH
IE6,ENGERIX B VACCINE (PAED),0,2000,EACH,EACH
IF1,LASIX INJ 20MG,0,400,SINGLE,SINGLE
IF17,FRUSEMIDE 20MG TAB,0,50,SINGLE,SINGLE
IF3,METRONIDAZOLE INFUSION 500MG,0,500,EACH,EACH
IF8,FELDENE GEL,0,1500,SINGLE,SINGLE
IG12,GROFENAC 75MG INJ,802,300,PACKET,PACKET
IG16,GENTAMICIN 280MG INJ,0,350,PACKET,PACKET
IG8,GENTAMICIN 80MG INJ,210,350,BOX,BOX
IH1,BUSCOPAN INJ 20MG/ML,0,150,EACH,EACH
IH11,HALOTHANE 250 ML,7500,12000,EACH,EACH
IH14,HYDROCORTISONE INJECTION ,120,600,EACH,EACH
IH19,HIBERIX VACCINE,2335,4000,EACH,EACH
IH22,HEPATITIS B ADULT 20MCG,1511.1,3000,EACH,EACH
IH23,HEPATITIS A VACCINE,4450,7500,EACH,EACH
IH35,HEPATITIS B MULTI/DOSE*1,790,2000,EACH,SINGLE
II4,IRON DEXTRAN ,0,0,EACH,EACH
II8,INSULATARD INJ,0,9000,EACH,EACH
II9,IMIPENEM INJ,0,6000,EACH,EACH
IK1,POTTASIUM CHLORIDE INJ.,0,1000,EACH,EACH
IK3,KETAMINE INJ. 50MG,0,1000,EACH,EACH
IL4,XYLOCAINE 2% 20ML,0,1500,EACH,EACH
IL5,XYLOCAINE + ADRENALIN,0,2000,EACH,EACH
IM10,MARCAIN AMPS. HEAVY 0.5% 4ML,0,1000,EACH,EACH
IM16,MIXTARD 30 (1000 IU),0,4500,EACH,EACH
IM19,MMR VACCINE (PRIORIX),2350,5500,EACH,EACH
IM24,MEASLES (SINGLE DOSE),0,4500,EACH,EACH
IM26,MEASLES VACCINE (MULTIPLE DOSE),0,2000,EACH,EACH
IM28,METHYL PREDNISOLONE INJ,0,2500,EACH,EACH
IN13,NAN LACTOSE FREE MILK,0,2000,EACH,EACH
IN5,NOSPA INJ 40MG,0,0,EACH,EACH
IN8,NEOSTIGMINE INJ,0,1000,EACH,EACH
INF11,HALF STRENGTH DARROWS SOLUTION,0,500,EACH,EACH
INF54,5% DEXTROSE WATER,0,500,BOX,BOX
INFA1,ASTYMIN INFUSION,900,1350,EACH,EACH
INFC1,CIPROFLOXACIN INFUSION,0,1200,EACH,EACH
INFD1,DEXTROSE 5%,0,500,EACH,EACH
INFD16,5% DEXTROSE  SALINE ,0,500,EACH,EACH
INFD17,4.3% DEXTROSE  SALINE,0,500,EACH,EACH
INFD2,10% DEXTROSE ,0,800,EACH,EACH
INFD3,50% DEXTROSE ,0,500,EACH,EACH
INFD5,FULL STRENGTH DARROWS SOLUTION,0,700,EACH,EACH
INFF3,FLUCONAZOLE I.V INFUSION,0,0,SINGLE,SINGLE
INFL1,LEVOFLOXACIN INFUSION,0,1500,EACH,EACH
INFM1,10% MANNITOL ,0,2000,EACH,EACH
INFM2,20% MANNITOL ,0,2000,EACH,EACH
INFN1,NORMAL SALINE 0.9%,0,500,EACH,EACH
INFO1,ORS,0,150,UNITC,UNITC
INFO3,OFLOXACIN INFUSION,0,1200,EACH,EACH
INFR1,RINGERS LACTATE,0,800,EACH,EACH
INU1,ULTRASOUND GEL,0,11000,EACH,EACH
IO1,OXYTOCIN INJ 10IU,0,300,EACH,EACH
IO3,ORAL POLIO VACCINE,0,700,EACH,EACH
IP1,PRIMOLUT DEPO INJ 250MG,790,2200,EACH,EACH
IP12,PHERNERGAN INJ,0,200,SINGLE,SINGLE
IP13,PANCURONIUM BROMIDE 2MG/ML  ,0,560,EACH,EACH
IP16,PROPOFOL INJ 50ML,0,3500,EACH,EACH
IP28,PARACETAMOL INJECTION,0,100,BOX,BOX
IP29,PENTAZOCINE 30MG/ML INJ,0,600,BOX,BOX
IP30,PIROXICAM INJ,0,200,BOX,BOX
IP4,PHENYTOIN INJ 50MG/ML,0,0,EACH,EACH
IP47,POWERCEF INJ,620,1500,EACH,EACH
IP48,PENTAXIM VACCINE,0,12500,EACH,EACH
IP54,PNEUMOCCAL VACCINE,0,7500,EACH,EACH
IP68,PREGNYL INJ,0,3000,EACH,EACH
IP70,PREVENAR VACCINE,0,45000,EACH,EACH
IQ1,QUININE INJ.,0,300,SINGLE,SINGLE
IR15,ROCEPHIN INJ,0,4500,EACH,UNITC
IR18,RETARPEN INJECTION,0,0,EACH,EACH
IR3,HEPATITIS B CHILD 10MCG,790,3000,SINGLE,SINGLE
IS12,STREPTOMYCIN INJ,0,3000,EACH,EACH
IS13,SODIUM BICARBONATE INJ,0,1000,EACH,EACH
IS3,SOLUBLE INSULIN ,0,100,EACH,EACH
IS9,SUXAMETHONIUM 500MG,0,800,EACH,EACH
IT1,KETANOV INJ 30MG/ML,0,600,EACH,EACH
IT12,KETANOV TAB,0,100,EACH,EACH
IT22,TYPHOID VACCINE,2055,5700,EACH,EACH
IT23,TETRACT-HIB ,0,3900,EACH,EACH
IT25,TRIAMAX INJ,620,1500,EACH,BOX
IT31,TRITANRIX,1027,1027,EACH,EACH
IT4,TRAMADOL INJ 100MG,0,600,EACH,EACH
IT5,THIOPENTONE,0,5000,EACH,EACH
IT7,TETANUS INJ  0.5ML,0,450,EACH,EACH
IV6,ELDERVIT-12 IM/IV,0,250,BOX,BOX
IV7,VITAMIN K INJECTION,0,0,BOX,EACH
IVC21,25G NEEDLE,0,50,BOX,BOX
IVC22,2ML SYRINGE AND NEEDLE,0,50,SINGLE,SINGLE
IVC31,3-WAY CATHETHER,0,1000,EACH,EACH
IVC51,50ML SYRINGE,0,1350,SINGLE,SINGLE
IVCB1,BLOOD GIVING SET,0,300,EACH,EACH
IVCB3,BUTTERFLY NEEDLES 19G,0,50,EACH,EACH
IVCB4,BUTTERFLY NEEDLES 21G,0,50,EACH,EACH
IVCB5,BUTTERFLY NEEDLES 23G,0,50,EACH,EACH
IVCC1,CANNULA 24G,0,200,EACH,EACH
IVCD1,DISPENSING ENVELOPES,0,20,EACH,EACH
IVCF1,FLUID GIVING SET,0,2500,EACH,EACH
IVCG1,GLUCOSE TEST STRIPS,0,200,SINGLE,SINGLE
IVCI1,INFUSION GIVING SET,0,300,BOX,BOX
IVCM1,METHYLATED SPIRIT ,0,1500,EACH,EACH
IVCO1,EURAX CREAM,0,1200,EACH,EACH
IVCS1,SCOTCH CAST/ORTHOBAN 4'',0,30000,EACH,EACH
IVCS5,SCOTCHCAST/ORTHOBAN 5'',0,30000,EACH,EACH
IW1,WATER FOR INJECTION,0,100,EACH,EACH
IY1,YELLOW FEVER VACCINE(SINGLE DOSE),0,7200,EACH,EACH
IY2,YELLOW FEVER VACCINE(MULTIPLE DOSE),0,2000,EACH,EACH
LRA10,AMYLASE KIT,13000,13000,PACKET,EACH
LRA11,ALBUMIN KIT,5000,5000,PACKET,EACH
LRA12,APPLICATOR STICK,2000,2000,EACH,EACH
LRA13,API 20E REAGENT,10500,10500,EACH,EACH
LRA14,API 20E STRIPS ,18000,18000,EACH,EACH
LRA15,API 20A (25 STRIPS + 25 MEDIA),23000,23000,EACH,EACH
LRA16,API 20A (ANALYTICAL PROFILE INDEX),23000,23000,EACH,EACH
LRA17,AVL SNAP PAK,43500,43500,EACH,EACH
LRA18,ACETONE ,7000,7000,EACH,EACH
LRA19,ANTI AB SERA,550,550,EACH,EACH
LRA2,ANTI A SERA,550,550,PACKET,PACKET
LRA20,ABACUS DILUENT,173010,173010,EACH,EACH
LRA21,ABALYSE,8504,8504,EACH,EACH
LRA22,ABACLEAN,8504,8504,EACH,EACH
LRA23,ABACUS BASO ,8504,8504,EACH,EACH
LRA24,ABACUS EO,8504,8504,EACH,EACH
LRA25,ANTI AB SERA,550,550,PACKET,PACKET
LRA26,AVL 9180 CLEANING SOLUTION,9484,9484,PACKET,PACKET
LRA27,AVL NA+ ELECTRODE CONDITIONER,8588,8588,PACKET,PACKET
LRA3,ANTI B SERA,550,550,PACKET,EACH
LRA4,ANTI D SERA,850,850,PACKET,PACKET
LRA6,ASO TITRE KIT,5500,5500,PACKET,EACH
LRA7,ABNORMAL CONTROL SERA,12000,12000,PACKET,EACH
LRA8,ALK. PHOSPHATASE KIT,5000,5000,PACKET,PACKET
LRA9,ACID PHOSPHATASE KIT,5500,5500,PACKET,EACH
LRB1,BUFFER SALT,2500,2500,PACKET,EACH
LRB10,BEAKERS 250ML,600,600,EACH,EACH
LRB11,BEAKER 500ML,650,650,EACH,EACH
LRB12,BEAKER 1000ML,1500,1500,EACH,EACH
LRB13,BLOOD LANCET (MEDLANCE),7500,7500,PACKET,PACKET
LRB14,BUFFER TAB PH 7.2,8000,8000,EACH,EACH
LRB15,BIO RAD MICROMAT 11 CARTRIDGES,27750,0,PACKET,PACKET
LRB16,BEAKER (500ML),1750,1750,EACH,EACH
LRB2,BLOOD LANCET,2700,14,PACKET,EACH
LRB3,BILIRUBIN KIT,3200,3200,PACKET,EACH
LRB4,BICARBONATE KIT,6000,6000,PACKET,EACH
LRB5,BLOOD AGAR BASE X500,5500,5500,PACKET,PACKET
LRB6,BLUE PIPETTE TIPS,2000,2000,EACH,EACH
LRB7,BACTEC PEDS PLUS 50V (40ML),68000,1360,EACH,EACH
LRB8,BACTEC PLUS AEROBIC 50V (25),68000,1360,EACH,EACH
LRB9,BOVIN ALBUMIN,7000,7000,EACH,EACH
LRC1,CHOLESTEROL KIT,7500,7500,PACKET,PACKET
LRC10,CARBON FUSHIN (STRONG 100ML),500,500,EACH,EACH
LRC11,CARDIAC TROPONIN T,25000,25000,PACKET,PACKET
LRC12,CARDIAC D. DIMER,30000,30000,PACKET,PACKET
LRC2,CHLORIDE KIT,5000,5000,PACKET,PACKET
LRC3,CREATININE KIT,3400,3400,PACKET,PACKET
LRC4,CALCIUM KIT,6000,6000,PACKET,PACKET
LRC5,COVER SLIPS (X1000),3500,3500,PACKET,PACKET
LRC6,CLED AGA X500,6000,6000,PACKET,EACH
LRC7,CK -MB,8000,8000,EACH,EACH
LRC8,CELLULOSE ACETATE MEMBRANE,43000,43000,EACH,EACH
LRC9,CRYSTAL VIOLET POWDER,3000,3000,EACH,EACH
LRD1,DETERMINE HIV KIT,18000,180,PACKET,PACKET
LRD2,DCA AGAR X500,7000,7000,PACKET,EACH
LRD3,DISPOSABLE PASTUER PIPETTE,5500,5500,PACKET,EACH
LRD4,D-DIMER,25000,248,PACKET,EACH
LRE1,ESR DIDPETTES,7500,75,PACKET,EACH
LRE2,ESTRADIOL HORMONE,27000,27000,PACKET,PACKET
LRE3,ETHANOL (SEALED),6500,6500,PACKET,EACH
LRE4,EDTA BOOTLES (X1000),20000,20,PACKET,PACKET
LRE5,ESR DISPETTE,7500,7500,PACKET,PACKET
LRE6,ETHYL ACETATE (2.5L),7500,7500,LITRE,LITRE
LRF1,FSH HORMONE,25000,25000,PACKET,PACKET
LRF2,FIELD STAIN A,2000,2000,PACKET,EACH
LRF3,FIELD STAIN B,2000,2000,PACKET,EACH
LRF4,FROSTED END SLIDES,450,450,PACKET,EACH
LRF5,FLUORIDE OXALATE BOOTLES (X1000),25000,25,PACKET,PACKET
LRF6,FALCON TUBES (5ML),3370,27,EACH,EACH
LRF7,FILTER PAPER,2500,2500,EACH,EACH
LRF8,FLORESCENT MALARIA SLIDES,17000,170,EACH,EACH
LRG1,GLUCOSE KIT,4500,4500,PACKET,EACH
LRG2,GIEMSA STAIN POWDER,2500,2500,PACKET,EACH
LRG3,GAMMA GT,6000,6000,EACH,EACH
LRG4,GIEMSA STAIN POWDER,4400,4400,EACH,EACH
LRG5,GOT REAGENT,4000,4000,PACKET,PACKET
LRG6,GPT REAGENT,4200,4200,PACKET,PACKET
LRH1,HEPATITIS B STRIP,5000,100,PACKET,EACH
LRH10,HDL CHOLESTEROL KIT,5000,5000,PACKET,EACH
LRH11,HYDROCHLORIC ACID,4500,4500,PACKET,EACH
LRH12,HEPARINIZED CAPILLARY TUBES,3500,3500,PACKET,PACKET
LRH13,H PYLORI KIT,9500,190,PACKET,PACKET
LRH14,HEPATITIS B STRIPS (CHROMATEST),0,0,PACKET,PACKET
LRH15,HDL PRECIPITANT (RANDOX),0,0,PACKET,PACKET
LRH3,HBEAG (B CORE),14000,560,PACKET,PACKET
LRH5,HCV KIT,6500,130,PACKET,PACKET
LRH6,HIV IMMUNOCOMFIRM,35000,35000,PACKET,EACH
LRI1,IMMUNOCOMB HIV KIT,18000,500,PACKET,EACH
LRI2,IMMERSION OIL,2000,2000,EACH,EACH
LRL1,LH HORMONE,25000,25000,PACKET,EACH
LRL2,LDL CHOLESTEROL KIT,7500,7500,PACKET,EACH
LRL3,LITHIUM HEPARIN BOOTLES (X1000),25000,25,PACKET,PACKET
LRL4,LEISHMAN STAIN ,3000,3000,PACKET,EACH
LRM1,METHANOL (SEALED),6500,6500,PACKET,PACKET
LRM10,MICROMAT 11 CATRIDGES,27750,27750,EACH,PACKET
LRM11,MICROSCOPE SLIDE (FROSTED END),450,450,PACKET,PACKET
LRM12,MICROSCOPE SLIDE,350,350,PACKET,PACKET
LRM2,MICROSCOPE SLIDES,300,300,PACKET,PACKET
LRM3,MACKONKEY AGAR X500,6500,6500,PACKET,EACH
LRM4,MUELLER HILTON AGAR,14000,14000,PACKET,EACH
LRM5,MICRO PIPETTE 0--50UL,25000,25000,PACKET,EACH
LRM6,MICRO PIPETTE 20--50UL,25000,25000,PACKET,EACH
LRM7,MICRO PIPETTE 50--100UL,30000,30000,PACKET,EACH
LRM8,MYOGLOBIN KIT,25000,248,PACKET,EACH
LRM9,MANTOUX KIT,18000,900,EACH,EACH
LRN1,NORMAL CONTROL SERA,12000,12000,PACKET,EACH
LRN2,NUTRIENT AGAR X500,5500,5500,PACKET,EACH
LRN3,NEWBER COUNTING CHAMBER,8000,8000,EACH,EACH
LRO1,OCCULT BLOOD KIT,8000,8000,PACKET,PACKET
LRP1,PREGNANCY TEST KIT,3000,60,PACKET,PACKET
LRP10,PHOSPHORUS,4803,4803,EACH,EACH
LRP11,PERFORMANCE CHECK KIT (PNP + NAOH),23788,23788,EACH,EACH
LRP12,PREGNANCY STRIPS (CHROMATEST),0,0,PACKET,PACKET
LRP2,PROLACTINE HORMONE,25000,25000,PACKET,PACKET
LRP3,PROGESTERONE HORMONE,27000,27000,PACKET,PACKET
LRP4,PSA HORMONE,27000,27000,PACKET,PACKET
LRP5,POTASSIUM KIT,5500,5500,PACKET,PACKET
LRP6,PLAIN CAPILLARY TUBES,3500,3500,PACKET,PACKET
LRP7,PETRI DISHES,13500,13500,PACKET,PACKET
LRP8,PLAIN HOMONAL BOOTLES (X1000),25000,25,PACKET,EACH
LRP9,PRINTOUT PAPER,8304,8304,EACH,EACH
LRR1,RHEUMATOID FACTOR KIT,4500,4500,PACKET,PACKET
LRR2,REAGENT BOOTLE (500ML),1500,1500,EACH,EACH
LRR3,REAGENT BOTTLE (1000ML),1800,1800,EACH,EACH
LRR4,ROTAVIRUS KIT,19000,19000,PACKET,PACKET
LRS1,STAT PACK HIV KIT,6500,325,PACKET,PACKET
LRS10,S.S. AGAR ,7000,7000,PACKET,EACH
LRS11,SELENITE F MEDIUM,15000,15000,PACKET,EACH
LRS12,SABOURAUD AGAR,6500,6500,PACKET,EACH
LRS13,SENSITIVITY DISC (+VE),4500,4500,PACKET,PACKET
LRS14,SENSITIVITY DISC (-VE),4500,4500,PACKET,PACKET
LRS15,SAFETY BLOOD COLLECTION SET,2000,2000,EACH,EACH
LRS16,SHARP CONTAINER,2000,2000,EACH,EACH
LRS17,SELENITE BROTH BASE,9500,9500,PACKET,PACKET
LRS18,STAINING RACK (STAINLES),4500,4500,EACH,EACH
LRS3,SODIUM KIT,7500,7500,PACKET,PACKET
LRS4,SGOT KIT,5500,5500,PACKET,PACKET
LRS5,SGPT KIT,5500,5500,PACKET,PACKET
LRS6,SEDIUM HYDROXIDE PELLET,1800,1800,PACKET,EACH
LRS7,SULPHURIC ACID,4500,4500,PACKET,EACH
LRS8,STOOL CONTAINER (X1000),22000,22,PACKET,PACKET
LRS9,SWAB STICK,3000,3000,PACKET,PACKET
LRT1,T3 HORMONE,25000,25000,PACKET,PACKET
LRT11,THROMBOPLASTINE,20664,2066,EACH,EACH
LRT12,TESTUBES ,70,70,EACH,EACH
LRT13,TOTAL CHOLESTEROL (RANDOX),8000,8000,PACKET,PACKET
LRT2,T4 HORMONE,25000,25000,PACKET,EACH
LRT3,TSH HORMONE,25000,25000,PACKET,PACKET
LRT4,TESTESTERONE HORMONE,27000,27000,PACKET,EACH
LRT5,TRIGLYCERIDE KIT,4500,4500,PACKET,PACKET
LRT6,TOTAL PROTEIN KIT,5000,5000,PACKET,EACH
LRT7,THIOGLYCOLATE AGAR,10000,10000,PACKET,EACH
LRT8,TSI AGAR,14000,14000,PACKET,EACH
LRT9,TROPONIN T,25000,2500,PACKET,EACH
LRU1,UREA KIT,5400,5400,PACKET,PACKET
LRU2,URIC ACID KIT,6000,6000,PACKET,PACKET
LRU3,URINE CONTAINER  ( X1000),20000,20,PACKET,PACKET
LRU4,URINALYSIS STRIP,2500,2500,PACKET,PACKET
LRU5,UNCOATED MICROWELL PLATE (160 STRIPS),47577,47577,EACH,EACH
LRU7,UREA AGAR BASE,9500,9500,PACKET,PACKET
LRV1,VDRL,18000,360,PACKET,PACKET
LRV2,VACUTAINER NEEDLES,0,0,PACKET,PACKET
LRW1,WIDAL KIT,4500,4500,PACKET,PACKET
LRW2,WIRE LOOP,100,100,EACH,EACH
LRY1,YELLOW PIPETTE TIPS,2000,2000,EACH,EACH
M1,GLUCOPHAGE TAB 500MG,0,50,EACH,EACH
PEP1,PILL ENVELOPES,0,0,EACH,EACH
R1,ROTAVIRUS VACCINE,3770,6000,EACH,EACH
REM1,MANNITOL 10%,0,1000,EACH,EACH
REM2,MANNITOL 20%,0,1000,EACH,EACH
SA21,AMOXYCILLIN SUSP (BEECHAM),0,1000,UNITC,UNITC
SA24,COUGH SYRUP,0,350,EACH,EACH
SA3,AUGMENTIN 228MG/5ML SYRUP BRANDED,0,2000,SINGLE,SINGLE
SA30,AMPICLOX SYRUP:BRANDED,0,1000,EACH,EACH
SA31,ASTYFER TONIC,600,1000,UNITC,UNITC
SA34,AMOXICILLIN+CLAVULANIC ACID 228MG/5ML SYRUP ,0,1800,SINGLE,SINGLE
SA39,AMPICLOX SYRUP UNBRANDED,0,400,EACH,EACH
SA4,AUGMENTIN SUSP 457MG ,0,2500,EACH,EACH
SA43,AMOXICILLIN SUSP,0,450,EACH,EACH
SA56,AMOKSICLAV 457MG SUSP,0,2500,EACH,EACH
SA59,PARACETAMOL SYRUP.,150,300,EACH,EACH
SA63,ARTEMEF SUSPENSION,0,1600,EACH,EACH
SA64,AZITHROMYCIN SUSP,0,2200,EACH,EACH
SA66,ALBENDAZOLE SUSP,0,300,EACH,EACH
SA69,ANTACID SUSP,0,1000,EACH,EACH
SA72,AMOXICILLIN+CLAVULANIC ACID 457MG ,0,2500,EACH,EACH
SA78,ASOMEX 2.5MG TAB,0,160,EACH,EACH
SB18,BIOCOTEN CREAM,0,600,SINGLE,SINGLE
SB19,BRONCHOLYTE SYRUP,0,650,BOX,BOX
SB2,BENYLIN CHILDREN/ADULT/CODEINE,0,800,SINGLE,SINGLE
SB23,BACTRIM FORTE TAB,430,100,UNITC,UNITC
SC16,PIRITON SYRUP,0,350,UNITC,UNITC
SC17,RHINATHIOL BLUE SYRUP,0,1600,UNITC,UNITC
SC18,RHINATHIOL PINK SYRUP,0,1600,UNITC,UNITC
SC19,CECLOR SUSP,0,2300,UNITC,UNITC
SC22,COTRIMOXAZOLE SUSPENSION,0,350,UNITC,UNITC
SC23,CEPHALEXIN SYRUP,0,800,UNITC,UNITC
SC24,CHLOROQUINE SYRUP,,300,UNITC,UNITC
SC26,COARTESIANE 60ML SUSP,0,1600,SINGLE,SINGLE
SC36,COARTEM TABS,0,85,UNITC,UNITC
SC52,CEFUROXIME 125MG SYRUP/KEFSTAR SUSP,788.5,2000,EACH,EACH
SC55,CLORACEF 125MG SUSP,1196,2000,EACH,EACH
SC56,CLORACEF 250MG SUSP,1794,2800,EACH,EACH
SC61,CEFUROXIME 250MG SUSP,0,2500,EACH,EACH
SC7,AMODIAQUINE SYR,0,1000,SINGLE,SINGLE
SC71,COARTESIANE 120ML SUSP,0,2500,EACH,EACH
SC72,CLARITHROMYCIN SYRUP,0,2500,BOX,BOX
SD1,ASOMEX 5MG TAB,180,250,EACH,EACH
SD2,DIGICLAV 228MG,0,160,EACH,EACH
SD3,DIGICLAV 156MG SUSP,0,1500,EACH,EACH
SD4,ARTESUNATE SYRUP,0,900,UNITC,UNITC
SD5,DERMAZINE CREAM,0,900,SINGLE,SINGLE
SD8,DIGICEF 125MG,50,40000,EACH,EACH
SE1,ERYTHROMYCIN SUSP 125MG/5ML,0,650,EACH,EACH
SE11,ERYTHROMYCIN 250MG SUSP,500,750,EACH,EACH
SE14,ENCEPHABOL SYRUP,0,3200,EACH,EACH
SE4,EFFCAL SUSP,0,750,SINGLE,SINGLE
SE6,EMTRISIL SUSP,0,900,SINGLE,SINGLE
SF10,FLUCONAZOLE SYRUP,0,1500,UNITC,UNITC
SF18,FENESTIL DROPS,0,1200,EACH,EACH
SF3,METRONIDAZOLE SYR ,0,300,SINGLE,SINGLE
SG1,GRISEOFULVIN SUS 125MG/5ML,0,900,SINGLE,SINGLE
SG10,GESTID SUSP,320,480,SINGLE,SINGLE
SG6,GASCOL SUSP,370,650,UNITC,UNITC
SH1,HALFAN SYR,0,1400,SINGLE,SINGLE
SH6,HS-12 SYRUP,0,900,EACH,EACH
SH7,HAEPLER TONIC ,0,500,EACH,EACH
SI1,INFACOL SUSP,0,1500,EACH,EACH
SI3,IBUPROREN SYRUP,0,600,UNITC,UNITC
SK1,KEFSTAR SUSP,788.5,1800,EACH,EACH
SK3,KIDDI PHARMATON SYRUP,1000,2400,EACH,EACH
SK6,KEFSTAR 250MG TAB,788.5,150,EACH,EACH
SL12,LACTULOSE SOLUTION,0,1800,EACH,EACH
SL16,LORATIDINE 60ML SYRUP,0,1500,BOX,BOX
SL2,LINCOMYCIN SYRUP,0,1500,UNITC,UNITC
SL3,LORATIDINE 30ML SYRUP,0,600,BOX,BOX
SM28,MULTIVITE SYRUP,0,400,UNITC,UNITC
SM31,MIST POTT CIT,0,800,SINGLE,SINGLE
SM40,METHOTREXATE INJ,0,160,EACH,EACH
SN1,NIFECARD RETARD,0,80,UNITC,UNITC
SN2,NIVAQUINE 2-2-1 TABS,0,250,UNITC,UNITC
SOT1,TONGUE DEPRESSOR,750,750,BOX,BOX
SP1,PIRITON EXPECTORANT,0,350,SINGLE,SINGLE
SP12,COMBANTRIN SUSP,0,800,UNITC,UNITC
SP15,ELERON TONIC,150,1000,UNITC,UNITC
SP16,PROVIRON TABLET,200,200,SINGLE,SINGLE
SP38,PURECAL SUSPENSION,0,1000,EACH,EACH
SP39,PURECAL TABLETS,0,100,EACH,EACH
SP43,ORELOX 100MG TABLETS,0,300,EACH,EACH
SS1,VENTOLIN SYR 2MG/5ML,0,600,EACH,EACH
SS6,BACTRIM SUSP,0,400,SINGLE,SINGLE
ST1,LINCTIFED P SYRUP,0,850,EACH,EACH
ST11,TUSSIREX P SYRUP,0,850,EACH,EACH
ST2,TEGRETOL CR 200MG,0,100,UNITC,UNITC
ST3,TAVANIC INFUSION,0,5000,UNITC,UNITC
ST8,TUXIL N & D SYRUP,150,350,EACH,EACH
ST9,TEGRETOL SYRUP,0,3000,EACH,EACH
SUP/PESSA1,ANUSOL SUPP,0,250,EACH,EACH
SUP/PESSB1,BATRIM SUSPENSION,200,350,SINGLE,SINGLE
SUP/PESSC2,MYCOTEN VAG TAB/PESSARIES 100MG,360,850,SINGLE,SINGLE
SUP/PESSD1,DICLOFENAC SUPP 100MG,0,250,EACH,EACH
SUP/PESSD2,DAKTARIN OVULES 200MG,0,1500,EACH,EACH
SUP/PESSD8,DUCOLAX TAB,0,60,SINGLE,SINGLE
SUP/PESSF1,SULPHADOXINE+PYRIMETHAMINE SYRUP,0,250,UNITC,UNITC
SUP/PESSG1,GYNOTRAVOGEN OVULE,0,1900,EACH,EACH
SUP/PESSM1,VERMOX SUSP,0,350,UNITC,UNITC
SUP/PESSN1,NEUROBION TAB,0,60,SINGLE,SINGLE
SUP/PESSP12,PLASMOTRIM SUPP  ,0,350,EACH,EACH
SUP/PESSP13,PARACETAMOL 125MG CHEWABLE,0,30,EACH,EACH
SUP/PESSP2,PARACETAMOL SUPP ,0,300,EACH,EACH
SUP/PESSS1,SCHERIPROCT SUPP,0,250,EACH,EACH
SUP/PESST1,TRAVOGEN OVULES,0,200,EACH,EACH
SUR21,23G NEEDLE,0,50,BOX,BOX
SURC1,COTTON WOOL,0,800,EACH,EACH
SURC10,CREPE BANDAGE 6INCHES,0,600,EACH,EACH
SURC11,CANNULA 16G,0,200,EACH,EACH
SURC12,CANNULA 18G,0,200,EACH,EACH
SURC13,CANNULA 20G,0,200,EACH,EACH
SURC14,CATHETER SIZE 18,0,350,EACH,EACH
SURC15,CORD CLAMP,0,50,EACH,EACH
SURC32,CATHETER SIZE 22,0,350,EACH,EACH
SURC33,CANNULA 22G,0,200,EACH,EACH
SURC5,CATHETER SIZE 12,0,350,EACH,EACH
SURC6,CATHETER SIZE 14,0,350,EACH,EACH
SURC7,CATHETER SIZE 20,0,350,EACH,EACH
SURC8,CATHETER SIZE 16,0,350,EACH,EACH
SURC9,CREPE BANDAGE 4 INCHES,0,600,EACH,EACH
SURD2,LATEX EXAMINATION GLOVES ,0,0,EACH,EACH
SURE1,ENDO-TRACHEAL TUBES 2.5-8,0,10500,EACH,EACH
SURF1,FACE MASK ,0,1000,EACH,EACH
SURF6,FEEDING TUBE SIZE 6,0,200,EACH,EACH
SURG1,GAUZE ROLLS 50 YDS,0,2000,EACH,EACH
SURG2,GLOVES(DISPOSABLE) SIZE LARGE,0,1000,EACH,EACH
SURI2,FEEDING TUBE SIZE 8,0,200,EACH,EACH
SURI5,FEEDING TUBE SIZE 10G,0,200,EACH,EACH
SURI7,FEEDING TUBE SIZE 12 G,0,200,EACH,EACH
SURK1,K-Y JELLY,0,1000,EACH,EACH
SURS1,SURGICAL GLOVES SIZE 8,0,2500,EACH,EACH
SURS11,SURGICAL GLOVES SIZE 7,0,50,EACH,EACH
SURS12,SURGICAL GLOVES SIZE 7 1/2,0,50,EACH,EACH
SURS28,SKIN TRACTION ADULT,0,3000,EACH,EACH
SURS29,SKIN TRACTION CHILD,0,3000,EACH,EACH
SURS3,SURGICAL BLADE SIZE 10,0,50,EACH,EACH
SURS33,SOLUSET,0,2000,EACH,EACH
SURS4,SURGICAL BLADE SIZE 11,0,50,EACH,EACH
SURS5,SURGICAL BLADE SIZE 15,0,50,EACH,EACH
SURS6,1ML SYRINGE AND NEEDLE ,0,150,EACH,EACH
SURS7,5ML SYRINGE AND NEEDLE ,0,50,EACH,EACH
SURT1,THEATRE CAPS,0,0,EACH,EACH
SURU1,URINE BAG (ADULT),0,500,EACH,EACH
SURW1,WOODEN TONGUE DEPRESSER,0,100,EACH,EACH
SV11,VASOPRIN 75MG TABLET,0,50,UNITC,UNITC
SV12,VITAMIN E INJ,0,500,UNITC,UNITC
SV15,VITAMIN C INJ,0,300,UNITC,UNITC
SV8,VITAMIN B-COMPLEX SYRUP,0,300,UNITC,UNITC
SYGI2,INSULIN SYRINGE,0,100,EACH,EACH
SYGS1,SYRINGE 10 ML,0,100,EACH,EACH
SYGS2,SYRINGE 20ML,0,200,EACH,EACH
SZ11,ZOVIRAX CREAM,0,2500,SINGLE,SINGLE
SZ2,ZENTEL SYRUP,0,300,SINGLE,SINGLE
SZ20,SERESIS CAPS,0,150,PACKET,PACKET
SZ3,ZITHROMAX SUSP,1556,2200,SINGLE,SINGLE
T1,TOUNIQUET,2000,2000,EACH,EACH
TA101,AMARYL 2MG TABLET,0,180,SINGLE,SINGLE
TA102,AVANDIA TAB,0,300,SINGLE,SINGLE
TA104,AFRABVITE MULTIVITAMIN SYRUP,0,180,SINGLE,SINGLE
TA105,COARSUCAM TAB,0,1200,SINGLE,SINGLE
TA108,CIMETIDINE TAB 200MG,0,40,SINGLE,SINGLE
TA109,CIMETIDINE 400MG TAB,0,50,SINGLE,SINGLE
TA11,ASPIRIN TAB 300MG,0,20,EACH,EACH
TA110,ARTESUNATE TABS,0,800,SINGLE,SINGLE
TA12,ALLOPURINOL TAB 100MG/ZYLORIC TAB,0,50,EACH,EACH
TA127,AMPICLOX CAP,0,100,SINGLE,SINGLE
TA129,GREEN BARLEY POWER,0,5500,SINGLE,SINGLE
TA13,VITAMIN C TAB 100MG,0,5,EACH,EACH
TA130,ATENOLOL TAB 50MG,0,50,SINGLE,SINGLE
TA134,AMARYL 4MG TABLET,0,250,SINGLE,SINGLE
TA138,ARTEQUIN 300/375 CHILD,0,1150,SINGLE,SINGLE
TA141,ARTEQUIN 600/750 ADULT,0,1600,SINGLE,SINGLE
TA17,AUGMENTIN TAB 625MG,0,220,EACH,EACH
TA184,ARTEPLUS COMBI 1-6YR,0,1000,UNITC,UNITC
TA193,ALPHABETIC TAB,0,100,EACH,EACH
TA197,AMOKSICLAV 1G TAB,1050,250,EACH,EACH
TA198,AMILORETIC TAB,656,50,PACKET,PACKET
TA204,ARTEM TABLET,0,1200,EACH,EACH
TA207,ARCOMB TAB,0,1200,EACH,EACH
TA211,AMIODARONE TAB,0,150,EACH,EACH
TA213,ACTIVATED CHARCOAL,0,1500,EACH,SINGLE
TA225,AZITHROMYCIN 250MG CAP,0,500,PACKET,PACKET
TA228,AMOXICILLIN+CLAVULANIC ACID 625MG TAB,0,200,PACKET,PACKET
TA232,AMOXICILLIN+CLAVULANIC ACID 1G TAB,0,250,PACKET,PACKET
TA235,ALBENDAZOLE TAB,0,300,EACH,EACH
TA237,ARCALION TABLETS,0,100,PACKET,PACKET
TA259,AMITRIPTILINE 50MG,360,50,BOX,BOX
TA3,ATENOLOL TAB 100MG,0,50,SINGLE,SINGLE
TA4,AMLODIPINE 5MG TABLET(AMLOVASC),0,150,EACH,EACH
TA42,ADALAT RETARD 20MG,0,100,EACH,EACH
TA44,AVOMINE TAB,0,50,EACH,EACH
TA5,ALDOMET TAB 250MG,0,100,SINGLE,SINGLE
TA51,AMLODIPINE 10MG TABLET(AMLOVASC),0,250,EACH,EACH
TA53,AMOXICILLIN 250MG CAPSULES,0,30,BOX,BOX
TA6,ATIVAN TAB 2MG,0,0,EACH,EACH
TA64,ARTESUNATE+METAKELFIN TAB ADULT,,1200,BOX,BOX
TA66,ARTEMEF TAB,590,63,BOX,BOX
TA68,VITAMIN E CAPSULES,0,100,BOX,BOX
TA7,ATIVAN TAB 1MG,0,0,EACH,EACH
TA70,ARTEPLUS COMBI TAB (ADULT),0,1400,BOX,BOX
TA71,ATREPLUS COMBI JNR,0,1000,UNITC,UNITC
TA72,ARTEPLUS COMBI  0-1YR,0,1000,UNITC,UNITC
TA73,MICARDIS 80MG TAB,0,200,PACKET,PACKET
TA79,AMOXICILLIN 500MG CAPS,0,100,BOX,BOX
TA8,AMITRYPTILLINE TAB 25MG,0,50,EACH,EACH
TA82,ASTYMIN TONIC,600,1000,SINGLE,SINGLE
TA84,ATROCARE,0,80,BOX,BOX
TA85,AMOXICILLIN+CLAVULANIC ACID 375MG TAB  ,0,80,EACH,EACH
TA86,AUGMENTIN 1G TAB,0,250,SINGLE,SINGLE
TA89,AMOXICILLIN+CLAVULANIC ACID 156MG/5ML SYRUP,0,1500,SINGLE,SINGLE
TA90,ACTIFED SYRUP,0,650,SINGLE,SINGLE
TA92,ARTESIANE 20MG INJ(ARTEMETHER),0,200,SINGLE,SINGLE
TB14,DUCOLAX SUPOSITARIES,0,200,EACH,EACH
TB19,BROMAZEPAM TAB 1.5MG,0,60,BOX,BOX
TB2,BENDROFLUAZIDE TAB ,0,50,EACH,EACH
TB22,TARIVID 200MG TAB BRANDED,0,200,SINGLE,SINGLE
TB23,BUSCOPAN SYRUP,0,400,SINGLE,SINGLE
TB25,BETNESOL N EYE DROPS,0,1500,SINGLE,SINGLE
TC1,CARVEDILOL TAB 6.25MG,0,100,EACH,EACH
TC10,CLOXACILLIN CAP 250MG,0,0,SINGLE,SINGLE
TC100,CELEBREX CAPS,1580,250,SINGLE,SINGLE
TC101,CADUET (ALL STRENTH) 5/10,10/10,0,250,SINGLE,SINGLE
TC102,COARINATE JUNIOR TAB,0,1000,PACKET,PACKET
TC103,COTECXIN TABS,0,1300,SINGLE,SINGLE
TC104,AMODIAQUINETAB,0,80,SINGLE,SINGLE
TC105,CECLOR 500MG TAB,0,220,SINGLE,SINGLE
TC107,COARINATE ADULT TAB,0,1200,SINGLE,SINGLE
TC108,CHYMORAL TAB,0,50,SINGLE,SINGLE
TC109,CALCIUM SANDOZ-1000,0,1000,SINGLE,SINGLE
TC110,COTRIMOXAZOLE/SEPTRIN TABLETS,0,30,BOX,BOX
TC13,CIPROFLOXACIN TAB  500MG,0,150,SINGLE,SINGLE
TC130,CECLOR 250MG TAB,100,100,SINGLE,SINGLE
TC14,CHLOROQUINE TAB 150MG BASE ,0,30,EACH,EACH
TC185,CHLORAMPHENICOL CAPSULES,0,20,EACH,EACH
TC192,CONTIFLO TAB,0,200,EACH,EACH
TC196,COMPLAMINA TABS,0,80,EACH,EACH
TC199,CIPROFLOXACIN TAB NHIS,0,80,SINGLE,SINGLE
TC2,CARVEDILOL 3.125 MG,0,100,EACH,EACH
TC203,CYPRON CAPSULES,0,100,EACH,EACH
TC217,CO-DIOVAN 80/12.5 TAB,0,200,PACKET,PACKET
TC219,COARTEM DISPERSIBLE TAB,0,120,BOX,BOX
TC224,CEFPODOXIME TAB,0,250,PACKET,PACKET
TC226,COMICARDIS 80MG/12.5MG TAB,0,200,PACKET,PACKET
TC230,COMICARDIS 40MG/12.5MG TAB,0,200,PACKET,PACKET
TC247,CEFPODOXIME 100ML SYRUP,0,4500,SINGLE,SINGLE
TC3,CLOMID TABLET,0,200,SINGLE,SINGLE
TC4,PIRITON TAB 4MG,0,10,EACH,EACH
TC5,CYTOTEC TAB 200MCG,0,400,EACH,EACH
TC52,CHLORPROMAZINE 50MG,0,200,EACH,EACH
TC58,CHLORAMPHENICOL INJ,0,200,UNITC,UNITC
TC6,CHLORPROMAZINE TAB 25MG,0,150,EACH,EACH
TC60,BLUE BARLEY POWER,0,5500,BOX,BOX
TC61,STUGERON TAB,0,80,BOX,BOX
TC63,CEFUROXIME 250MG TAB,788.5,150,BOX,BOX
TC64,CEFUROXIME 500MG TAB,999,250,BOX,BOX
TC66,CLARITHROMYCIN 500MG TAB,0,250,BOX,BOX
TC69,CO-TRIMOXAZOLE 480MG TAB,0,30,BOX,BOX
TC7,CAFERGOT TAB,0,50,SINGLE,SINGLE
TC71,COD LIVER OIL CAPS,0,30,UNITC,UNITC
TC75,COVERSYL TAB,0,300,PACKET,PACKET
TC79,CARBIMAZOLE TABLET,0,80,SINGLE,SINGLE
TC81,COD LIVEROIL( ORANGE FLAVOUR),0,2500,BOX,BOX
TC85,CANDIDERM/ECONEX G CREAM,0,500,SINGLE,SINGLE
TC9,CALCIUM LACTATE TAB ,0,30,EACH,EACH
TC90,COMBANTRIN TAB,0,600,SINGLE,SINGLE
TC94,CHLORAMPHENICOL SUSP,0,350,SINGLE,SINGLE
TC95,CANDID V6 VAGINAL TAB,0,650,SINGLE,SINGLE
TC97,CANDID V1 VAGINAL TABLET,0,650,SINGLE,SINGLE
TC98,CERUMOL EAR DROP,0,800,SINGLE,SINGLE
TC99,CANDID DUSTING POWDER,0,900,SINGLE,SINGLE
TD1,DIGOXIN TAB 250MCG,0,50,EACH,EACH
TD10,COCODAMOL TAB,0,50,EACH,EACH
TD102,DIOVAN 160MG TAB,0,220,SINGLE,SINGLE
TD106,DAFLON TAB,0,300,EACH,EACH
TD108,DICLONEUROBION TABS,0,100,EACH,EACH
TD109,DOXASOZIN TAB,0,150,EACH,EACH
TD110,DISPERSIBLE COARTEM TABS,0,120,EACH,EACH
TD111,DIGICLAV 625MG,0,3000,PACKET,PACKET
TD113,DIAMICRON TAB,0,100,PACKET,PACKET
TD12,DIFLUCAN CAPS BRANDED,17042,1000,SINGLE,SINGLE
TD13,DALACIN C CAPS 150MG,0,200,SINGLE,SINGLE
TD20,GROFENAC 50MG/DICLOFENAC SODIUM TAB 50MG,0,80,EACH,EACH
TD3,GLANIL/DAONIL TAB 5 MG,0,50,SINGLE,SINGLE
TD4,DIAZEPAM TAB 5MG,0,50,EACH,EACH
TD41,DUPHASTON TAB 10MG,0,300,SINGLE,SINGLE
TD48,DOLONEURIOBION TAB,0,50,EACH,EACH
TD56,DOXYCYCLINE 100MG CAPS,0,50,BOX,BOX
TD58,CATAFLAM TABS,0,100,BOX,BOX
TD59,CALCIUM FOLINATE INJ,0,3000,BOX,BOX
TD60,PPPPP,0,400,UNITC,UNITC
TD62,DIABENESE TABLET,0,0,SINGLE,SINGLE
TD64,DEXAMETHASONE TAB,0,20,BOX,BOX
TD65,DEQUADIN TABS,0,50,SINGLE,SINGLE
TD69,DEPO-PROVERA INJ,0,900,SINGLE,SINGLE
TD71,FLUCONAZOLE CAPS,0,150,SINGLE,SINGLE
TD78,DIOVAN 80MG TABLET,0,200,SINGLE,SINGLE
TD81,DIGICLAV 375MG TAB,825,100,EACH,EACH
TD9,GROFENAC 100MG/DICLOFENAC SODIUM TAB 100MG ,0,100,EACH,EACH
TE12,EVENING PRIMROSE OIL,0,100,SINGLE,SINGLE
TE20,ERYTHROMYCIN 250MG TAB,0,80,BOX,BOX
TE27,ESIDREX TAB,0,100,EACH,EACH
TE28,EUTRIXIN TAB,580,120,PACKET,BOX
TE29,EXFORGE 5MG/160MG,0,250,EACH,EACH
TE3,ERGOMETRINE TAB,0,0,EACH,EACH
TE30,EXFORGE TAB 10MG/160MG,0,300,EACH,EACH
TE31,EPILIM SYRUP,0,100,EACH,EACH
TE32,ETHAMBUTOL,0,50,EACH,EACH
TE4,ENCEPHABOL TAB,0,190,EACH,EACH
TE5,ERYTHROMYCIN 500MG TABS,0,150,BOX,BOX
TE6,ESSENTIAL FORTE,0,100,BOX,BOX
TE8,EFAVIRENZ 600MG TAB(SINGLE DOSE),0,10000,SINGLE,SINGLE
TF1,FRUSEMIDE TAB 40MG/LASIX TAB,0,50,EACH,EACH
TF10,SULPHADOXINE+ PYRIMETHAMINE TAB,0,100,SINGLE,SINGLE
TF11,FASIGYN TAB 500MG,0,1000,SINGLE,SINGLE
TF12,METRONIDAZOLE TAB 200MG,0,50,SINGLE,SINGLE
TF2,FELODIPINE TAB 5MG/PLENDIL TAB,0,220,EACH,EACH
TF30,FERSOLATE/FERROUS SULPHATE,0,10,UNITC,UNITC
TF4,FELDENE CAPS 20MG/PIROXICAM CAPS,0,200,EACH,EACH
TF40,FOLIC ACID SYRUP,0,300,SINGLE,SINGLE
TF42,FEMINA V OVULES,0,0,SINGLE,SINGLE
TF43,FANSIDAR SUSP,0,350,SINGLE,SINGLE
TF47,FLAGENTYL TABLET,0,1000,SINGLE,SINGLE
TF6,FOLIC ACID TAB,0,5,EACH,EACH
TF85,METRONIDAZOLE 400MG TAB,0,50,SINGLE,SINGLE
TG1,GLYCERYL TRINITRATE TAB,0,200,EACH,EACH
TG10,GLUCOVANCE 500MG/ 5MG TAB,0,100,SINGLE,SINGLE
TG11,GLUCOVANCE 500MG/2.5MG TAB,0,80,SINGLE,SINGLE
TG13,MINIPLUS TAB,0,50,EACH,EACH
TG14,MINIPRESS TAB,0,100,SINGLE,SINGLE
TG19,GLUCOPHAGE TABLET NHIS 500MG,0,40,SINGLE,SINGLE
TG24,GYNODAKTARIN VAGINAL CREAM,0,1900,SINGLE,SINGLE
TG26,GYNODAKTARIN VAGINAL OVULES,0,1900,SINGLE,SINGLE
TG27,GYNO-TROSYD OVULE,0,1600,SINGLE,SINGLE
TG3,GRISEOFULVIN TAB 500MG,0,30,EACH,EACH
TG33,GLUCOPHAGE TAB 1000MG,0,150,EACH,EACH
TG37,GLYCERINE SUPPOSITARIES,0,200,EACH,EACH
TG62,GALCIPRO TN TAB,0,150,PACKET,PACKET
TG7,GENTAMICIN CREAM,100,650,UNITC,UNITC
TG72,GLICAZIDE MR,0,120,PACKET,PACKET
TG73,GLIMEPIRIDE 2MG TAB,0,180,PACKET,PACKET
TG74,GLIMEPIRIDE 4MG TAB,0,250,PACKET,PACKET
TG78,VITAMIN C 1000MG,1300,100,BOX,EACH
TH1,BUSCOPAN TAB 10MG,0,30,EACH,EACH
TH15,HEM-9 CAPS,0,100,EACH,EACH
TH17,HEXEDENE MOUTHWASH,0,400,EACH,EACH
TH2,APRESOLINE TAB 25MG,0,80,EACH,EACH
TH3,HALFAN TAB ,0,1500,SINGLE,SINGLE
TH5,HALOPERIDOL TAB 10MG,0,100,EACH,EACH
TH8,CO-DIOVAN 160/12.5 TAB,0,250,BOX,BOX
TI1,IMODIUM TAB 2MG,0,200,EACH,EACH
TI16,ISONIAZID TAB,0,50,EACH,EACH
TI18,INDOMETHACIN CAPSULE,0,100,EACH,SINGLE
TI2,ISOSORBIDE DINTRATE TAB 10MG,0,150,EACH,EACH
TI22,IMIPRAMINE TABLET,0,150,PACKET,PACKET
TI27,IXIME 400MG TABS,0,200,EACH,EACH
TI28,IXIME SUSP,0,1700,EACH,EACH
TI29,IXIME TABLETS 400MG,0,0,BOX,EACH
TI5,ISOSORBIDE DINITRATE 20MG,0,200,BOX,BOX
TI6,IBUPROFEN 400MG TABS*1000,0,25,BOX,BOX
TI7,IBUPROFEN 200MG TAB*1000,0,25,BOX,BOX
TI8,IMMUNACE TAB,0,100,BOX,BOX
TJ1,JOBELYN CAPSULES,0,150,SINGLE,SINGLE
TK1,KETOCONAZOLE TAB 200MG,0,0,EACH,EACH
TK11,KEFSTAR 500MG TAB,999,250,EACH,EACH
TK5,KETOPROFEN CAPS,0,200,BOX,BOX
TK7,KENALOG INJ(TRIAMCINOLONE)40MG/80MG,0,2500,SINGLE,SINGLE
TL102,LAMIVUDINE+ZIDOVUDINE+NEVIRAPINE TAB,0,8000,EACH,EACH
TL103,LEVOTHYROXINE 100MCG TAB,0,100,PACKET,PACKET
TL104,LEVOTHYROXINE TABLET,0,200,BOX,EACH
TL109,LAMIVUDINE+STAVUDINE+NEVIRAPINE TAB,0,8000,PACKET,PACKET
TL16,LIPITOR 10MG TAB,4661,300,SINGLE,SINGLE
TL22,LOPERAMIDE TAB,0,200,BOX,BOX
TL23,LOSARTAN TAB,,0,BOX,BOX
TL26,LEVOFLOXACIN TAB,0,150,BOX,BOX
TL29,LAMIVUDINE+ZIDOVUDINE TAB(DOUBLE COMBINATION),0,8000,SINGLE,SINGLE
TL30,LAMIVUDINE 150MG TAB,0,3000,EACH,EACH
TL31,LAMIVUDINE SYRUP,0,2500,SINGLE,SINGLE
TL38,LIQUID PARAFFIN,0,900,SINGLE,SINGLE
TL4,LISINOPRIL 10MG,0,50,SINGLE,SINGLE
TL40,LEVITRA 5MG TABLETS,1500,2250,SINGLE,SINGLE
TL41,LACIPIL TAB,0,0,SINGLE,SINGLE
TL43,REMICRON TAB,0,300,SINGLE,SINGLE
TL5,LISINOPRIL 5MG,0,50,SINGLE,SINGLE
TL55,LEVITRA 10MG TABLETS,0,150,SINGLE,SINGLE
TL6,LORATIDINE TAB 10MG,0,100,SINGLE,SINGLE
TL77,LOMOTIL TAB,0,50,EACH,EACH
TL80,LINCOMYCIN CAPSULES,0,40,EACH,EACH
TL82,BROMAZEPAM 3MG TAB,0,80,EACH,EACH
TL85,LYRICA TABS,0,250,EACH,EACH
TL86,LESCOL80MG TAB,0,550,EACH,EACH
TL87,LESCOL 20MG TAB,0,350,EACH,EACH
TL88,LESCOL 40MG TAB,0,350,EACH,EACH
TM13,METFORMIN TAB 500MG ,0,50,SINGLE,SINGLE
TM15,MOTILIUM TAB  10MG,0,100,EACH,EACH
TM25,MULTIVITAMIN CAPS,0,100,EACH,EACH
TM27,MICROGYNON TAB ( 1 CYCLE ),0,0,EACH,EACH
TM32,MODURETIC TAB,0,50,BOX,BOX
TM33,METHYLDOPA TAB,0,50,BOX,BOX
TM35,VERMOX TABS/ MEBENDAZOLE TABS,0,100,BOX,BOX
TM38,MINADEX CHILDREN'S SYRUP ,0,1800,UNITC,UNITC
TM39,MULTIVITAMIN SOFTGELS,0,100,BOX,BOX
TM40,MAGNESIUM TRISILICATE SUSP,0,650,BOX,BOX
TM42,MVS-365 CAPS/PRENATAL,0,100,BOX,BOX
TM46,PLASIL INJ/METOCHLORPRAMIDE INJ,0,350,SINGLE,SINGLE
TM5,MULTIVITE TAB,0,10,EACH,EACH
TM57,MEPISAN CREAM,0,900,SINGLE,SINGLE
TM74,METOPROLOL 50MG TAB,0,80,EACH,EACH
TM75,METOPROLOL 100MG TAB,0,100,EACH,EACH
TM79,MISOPROSTOL TAB,0,250,EACH,EACH
TM99,MICARDIS 40MG TAB,0,200,PACKET,PACKET
TN1,NOSPA TAB 20MG,0,0,EACH,EACH
TN102,NAVIDOXINE TAB,0,100,EACH,EACH
TN105,NYSTATIN ORAL DROPS,0,1500,EACH,EACH
TN106,NORGESIC TABLET,0,180,EACH,EACH
TN112,NIZORAL TABLET,0,150,PACKET,PACKET
TN117,NORISTERAT INJ,0,1500,EACH,EACH
TN2,NEXIUM TAB 20MG,0,0,EACH,EACH
TN3,NIFEDIPINE SUBLINGUAL 10MG,0,100,EACH,EACH
TN30,NO-SPA TABLET(DROTAVERINE),20,40,SINGLE,SINGLE
TN31,NORIDAY 3 CYCLES,0,0,EACH,EACH
TN34,NIFEDIPINE 20MG TAB,934.5,20,BOX,BOX
TN38,NALIDIXIC ACID TABLET,0,60,BOX,BOX
TN40,NORFLEX TABS,0,180,BOX,BOX
TN41,NEVIRAPINE SYRUP,0,2500,EACH,EACH
TN42,NEVIRAPINE 200MG TAB(SINGLE DOSE),0,3500,SINGLE,SINGLE
TN43,NYSTATIN TABLET,12000,40,SINGLE,SINGLE
TN45,NICOSAN TAB ADULT,0,4800,SINGLE,SINGLE
TN46,NAPROXEN TABLET,0,0,SINGLE,SINGLE
TN51,NICOSAN TAB CHILD,0,3500,SINGLE,SINGLE
TN61,NEOPRESOL LOTION,0,0,SINGLE,SINGLE
TN62,NORVASC 10MG TABLET,15656,220,SINGLE,SINGLE
TN63,NORVASC 5MG TAB,8294,150,SINGLE,SINGLE
TN64,NUTRAVITE/SUPRAMULT SYRUP,0,900,SINGLE,SINGLE
TN92,NITROFURANTOIN TAB,0,100,EACH,EACH
TN93,NATRILIX TAB,0,250,EACH,EACH
TO10,OMEPRAZOLE CAPS,0,100,BOX,BOX
TO11,ORAL CONTRACEPTIVE,0,450,BOX,BOX
TO12,OFLOXACIN 200MG TAB,0,200,BOX,BOX
TO13,OMEPRAZOLE INJ,0,950,SINGLE,SINGLE
TO14,OTRIVIN NASAL DROPS(PAEDIATRICS),0,1000,SINGLE,SINGLE
TO15,OTRIVIN NASAL DROPS (ADULT),0,1000,SINGLE,SINGLE
TO20,ORUVAIL CAPS,0,200,SINGLE,SINGLE
TO21,ORFEDIPINE TABLET(NHIS),0,20,SINGLE,SINGLE
TO4,OSTEOCARE,0,100,EACH,EACH
TP1,PROPRANOLOL 40MG TAB ,0,50,SINGLE,SINGLE
TP11,PHENYTOIN TAB 200MG,0,100,EACH,EACH
TP114,PLASIL/METOCHLOPRAMIDE TAB,0,20,EACH,EACH
TP115,PYRAZINAMIDE TAB,0,50,EACH,EACH
TP121,POWERCEF INJ,620,1500,EACH,EACH
TP123,PIROXICAM CAPSULE,0,150,BOX,BOX
TP125,PRONATAL CAPS,0,100,EACH,EACH
TP126,PYRIDOXINE TAB,0,50,EACH,EACH
TP13,DARAPRIM TAB 25MG,0,100,EACH,EACH
TP14,PLASMOTRIM TAB 200MG,0,0,EACH,EACH
TP141,PENICILLIN VK TAB,0,0,EACH,EACH
TP21,PRAZIQUANTEL TAB,0,100,EACH,EACH
TP3,PRIMOLUT-N TAB,0,80,SINGLE,SINGLE
TP31,3G CREAM,0,900,EACH,EACH
TP35,PARACETAMOL TAB. 500MG(LOOSE),0,10,SINGLE,SINGLE
TP42,PARLODEL TABS 2.5MG,0,100,SINGLE,SINGLE
TP46,PHENOBARB TABS,0,30,EACH,EACH
TP5,PHERNEGAN  TAB 25MG,0,10,EACH,EACH
TP50,PROVERA TAB 5MG,0,0,EACH,EACH
TP51,POSTINOR TAB,0,600,SINGLE,SINGLE
TP54,PARIET TABS 10MG,0,300,SINGLE,SINGLE
TP6,PHERNEGAN SYR 5MG /5ML,0,450,EACH,EACH
TP60,PALUDRINE TAB/100PROGUANIL 100MG TAB,0,100,BOX,BOX
TP61,SEROXAT TAB,0,50,BOX,BOX
TP63,PREDNISOLONE TABLETS,0,20,BOX,BOX
TP67,PARACETAMOL DROPS/PANDA DROPS,0,200,EACH,EACH
TP7,PREMARIN TAB 625MCG ,0,0,EACH,EACH
TP72,PHENSEDYL SYRUP,0,900,BOX,BOX
TP76,PLENDIL TAB 5MG/10MG,12000,25000,SINGLE,SINGLE
TP84,PHENOBARBITONE SYRUP,0,550,SINGLE,SINGLE
TP85,PIRITON INJ,0,200,SINGLE,SINGLE
TP9,PARACETAMOL  TAB 500MG(BLISTER),0,20,SINGLE,SINGLE
TP93,PHARMATON CAPS,1420,150,BOX,BOX
TPA3,ANTHISAN CREAM,0,900,EACH,EACH
TPA7,ALTARGO 1% OINTMENT,0,2300,EACH,EACH
TPB23,BETADINE OINTMENT,750,1500,EACH,EACH
TPB4,BETNOVATE N CREAM,0,1200,EACH,EACH
TPB5,BENZYL BENZOATE ,0,350,SINGLE,SINGLE
TPB6,BACTROBAN CREAM,0,2500,SINGLE,SINGLE
TPC1,CHLORAMPHENICOL EYE DROPS,0,250,SINGLE,SINGLE
TPC12,CALAMINE LOTION,0,300,UNITC,UNITC
TPC19,CICATRIN POWDER,0,1200,EACH,EACH
TPC2,CHLORAMPHENICOL EAR DROPS,0,300,SINGLE,SINGLE
TPC3,CHLORAMPHENICOL EYE OINT.,0,250,SINGLE,SINGLE
TPD10,DEEP HEAT CREAM S/S,0,800,SINGLE,SINGLE
TPD14,DIPROSALIC OINTMENT,0,3000,EACH,EACH
TPD3,DAKTARIN CREAM,0,1200,SINGLE,SINGLE
TPH1,HYDROCORTISONE CREAM,0,650,SINGLE,SINGLE
TPK1,NIZORAL CREAM,0,900,UNITC,UNITC
TPK2,NIZORAL SHAMPOO,0,1200,UNITC,UNITC
TPM1,MYCOTEN CREAM,170,650,EACH,EACH
TPM3,MYCOPIROX  CREAM,0,1500,EACH,EACH
TPM5,TROSYD  CREAM,0,800,EACH,EACH
TPM6,METHYL SALICYLATE CREAM,280,700,EACH,EACH
TPN16,NEUROGESIC GEL 85G,420,1200,SINGLE,SINGLE
TPN2,NORMAL SALINE DROPS,0,600,EACH,EACH
TPN3,NEOMEDROL LOTION,0,1200,EACH,EACH
TPP10,POWERGESIC OINTMENT,0,600,EACH,EACH
TPP13,PENICILLIN EYE OINTMENT,0,600,EACH,EACH
TPP5,PENICILLIN SKIN OINTMENT,85,300,SINGLE,SINGLE
TPR1,RELAXYLATE CREAM,0,800,EACH,EACH
TPS10,SCHERIPROCT OINTMENT,4,950,EACH,EACH
TPS6,SULPHUR OINTMENT,0,300,UNITC,UNITC
TPT1,TRAVOGEN CREAM(ISOCONAZOLE),0,1500,SINGLE,SINGLE
TPT2,TRAVOCORT CREAM,0,1500,EACH,EACH
TQ1,QUININE SULPHATE TAB 300MG ,0,100,EACH,EACH
TR1,RANITDINE TAB 150 MG,0,150,SINGLE,SINGLE
TR10,RABEPRAZOLE 20MG TAB,0,150,BOX,BOX
TR11,RIFAMPICIN 300MG CAP,0,50,BOX,BOX
TR20,RANFERON -12 SYRUP 100ML,0,650,SINGLE,SINGLE
TR29,RED BARLEY POWER,0,5500,EACH,EACH
TR31,RANFERON CAPS,0,100,EACH,EACH
TR34,ROLITEN TABLETS,1300,1300,BOX,BOX
TR35,RAMIPRIL 5MG TAB,0,180,SINGLE,SINGLE
TR5,ROBAXIN 750 MG,0,0,EACH,EACH
TR9,RANITIDINE TAB 300MG,0,300,BOX,BOX
TS1,SPIRINOLACTONE TAB 50MG,0,60,SINGLE,SINGLE
TS10,SOLUBLE ASPIRIN 75MG,0,60,EACH,EACH
TS11,STUGERON FORTE TABLET,0,50,SINGLE,SINGLE
TS17,SUPPLEMENT CAPSULES,0,100,BOX,BOX
TS18,SUPRAMULT CAPS,730,100,PACKET,PACKET
TS2,VENTOLIN TAB 4MG,0,50,SINGLE,SINGLE
TS22,STAVUDINE 40MG TAB(SINGLE DOSE),0,3000,SINGLE,SINGLE
TS24,STAVUDINE+LAMIVUDINE+NEVIRAPINE TAB(TRIPPLE COMBINATION),0,8000,EACH,EACH
TS26,STREPSILS LOZENGES,0,50,SINGLE,SINGLE
TS28,SERETIDE INHALER 100MCG,0,0,SINGLE,SINGLE
TS29,SERETIDE INHALER 250MCG,0,8500,SINGLE,SINGLE
TS37,SEBAMED SOAP,0,1000,SINGLE,SINGLE
TS38,SEBAMED LOTION,0,2000,SINGLE,SINGLE
TS4,CARTISAFE TAB ,0,220,EACH,EACH
TS58,SLOW K TAB,0,60,EACH,EACH
TS62,SUPRAMULT PLUS CAPS,980,150,PACKET,PACKET
TS64,SWIDON TABLET,0,80,EACH,EACH
TS65,SIMVASTATIN 20MG TAB,0,250,PACKET,PACKET
TS75,STANLIP TABLETS,0,120,BOX,BOX
TS76,SIMVASTATIN  10MG,822,822,BOX,BOX
TS79,SINUFED SYRUP,0,650,SINGLE,SINGLE
TT14,ACTIFED TAB,0,120,BOX,BOX
TT15,VISINE EYE DROPS ,0,1200,UNITC,UNITC
TT16,TOCOVID CAPS,0,100,BOX,BOX
TT17,TRAMADOL  50MG CAPSULES,0,100,BOX,BOX
TT20,SOYABEAN POWDER,0,400,SINGLE,SINGLE
TT21,TETRACYCLINE CAPSULE,0,20,BOX,BOX
TT22,TIXYLIX SYRUP,0,500,SINGLE,SINGLE
TT24,TERBINAFINE TAB,0,250,SINGLE,SINGLE
TT28,TROSYD POWDER,0,1800,SINGLE,SINGLE
TT29,THIAPRIL TABS,0,150,SINGLE,SINGLE
TT30,TRIAPIN MITE TABLETS,0,0,SINGLE,SINGLE
TT31,TRITACE 5MG TABLETS,0,180,SINGLE,SINGLE
TT32,TRITACE 2.5MG TABLET,0,180,SINGLE,SINGLE
TT33,TAVANIC TABLET,0,1000,SINGLE,SINGLE
TT34,TEGRETOL PLAIN 200MG,0,60,SINGLE,SINGLE
TT4,TRAMADOL 100MG TAB ,0,200,EACH,EACH
TT42,CEFPODOXIME 50ML SYRUP,0,2500,SINGLE,SINGLE
TT46,TENORETIC TABLET,0,250,SINGLE,SINGLE
TT65,TRITAZIDE TAB,0,200,PACKET,PACKET
TT74,TAVEGYL TAB,0,150,EACH,EACH
TT75,TRIAPIN TAB 5MG,0,220,EACH,EACH
TU1,UNASYN INJ,0,950,SINGLE,SINGLE
TU3,ULTRACARBON TAB,0,80,EACH,EACH
TV1,VENTOLIN TAB 2MG,0,30,EACH,EACH
TV10,VITAMIN C SYRUP,0,350,EACH,EACH
TV11,VIREST TAB 200MG,0,100,SINGLE,SINGLE
TV13,VIT A CAPSULES,0,100,SINGLE,SINGLE
TV31,VOGLIRAN 0.2MG TAB  ,0,120,EACH,EACH
TV34,VOGLIRAN 0.3MG TAB,0,180,EACH,EACH
TV4,VIAGRA TABS 50MG,0,3000,EACH,EACH
TV5,VITAMIN C DROPS,0,300,SINGLE,SINGLE
TV8,VITAMIN B COMPLEX TABS,0,5,UNITC,UNITC
TW1,WARFARIN SODIUM TAB 5MG,0,150,EACH,EACH
TW2,WARFARIN SODIUM TAB  1MG,0,100,EACH,EACH
TW8,WARFARIN 3MG TAB,0,90,EACH,EACH
TZ1,ZANTAC TAB 150MG,0,200,EACH,EACH
TZ14,ZITHROMAX CAPS 250MG(BRANDED),0,500,SINGLE,SINGLE
TZ22,ZIDOVUDINE 300MG TAB(SINGLE DOSE),0,2500,SINGLE,SINGLE
TZ23,ZIDOVUDINE SUSP,0,2000,SINGLE,SINGLE
TZ27,ZOLAT/ZENTEL TABS,100,350,SINGLE,SINGLE
TZ28,DICLOFENAC SODIUM 50MG TAB,0,50,SINGLE,SINGLE
TZ3,ZINNAT TAB 250MG,0,50,EACH,EACH
TZ4,ZINNAT TAB 500MG,0,200,EACH,EACH
TZ45,ZOFLAM TAB,1800,80,BOX,BOX
TZ47,ZE-PLUS CAPS,0,100,EACH,EACH
TZ49,AZITHROMYCIN 500MG CAPS,0,600,PACKET,PACKET
TZ5,ZENTEL TABLETS,0,300,EACH,EACH
TZ53,ZADITEN TABLET,0,0,BOX,EACH
TZ54,ZOVIRAX TABLETS,0,200,BOX,EACH
XOG1,GASTROGRAFFIN INJ,4000,6000,EACH,EACH
XOU1,ULTRAVIST,6000,9000,EACH,EACH
XOU2,UROGRAFFIN,0,2000,EACH,EACH
